Stat,Selected_OPS_count_1,Selected_OPS_count_2
average,10.533333333333333,24.1
std,8.760644319277487,8.65004816942272
