Stat,Selected_OPS_count_1,Selected_OPS_count_2
average,7.15,16.133333333333333
std,3.1666228067138027,3.3589019369761637
