Stat,Selected_OPS_count_1,Selected_OPS_count_2
average,12.283333333333333,20.783333333333335
std,3.204640732160505,2.1991791397903193
