Stat,Selected_OPS_count_1,Selected_OPS_count_2
average,43.28333333333333,52.3
std,9.65589917557598,1.004987562112089
