Stat,Selected_OPS_count_1,Selected_OPS_count_2
average,44.18333333333333,55.05
std,13.062020857772694,5.213524080056918
