Stat,Selected_OPS_count_1,Selected_OPS_count_2
average,13.666666666666666,21.016666666666666
std,4.4671641514002545,4.410183921586742
