Stat,Selected_OPS_count_1,Selected_OPS_count_2
average,10.716666666666667,18.583333333333332
std,3.5406763321276475,2.6601482832520613
