Stat,Selected_OPS_count_1,Selected_OPS_count_2
average,3.033333333333333,9.183333333333334
std,1.3658534165698586,5.13644386278635
