Stat,Selected_OPS_count_1,Selected_OPS_count_2
average,19.25,25.016666666666666
std,9.118890648903882,9.720239480360323
