Stat,Selected_OPS_count_1,Selected_OPS_count_2
average,3.65,13.316666666666666
std,3.3903048043895203,7.462107983375446
