Stat,Selected_OPS_count_1,Selected_OPS_count_2
average,8.35,22.283333333333335
std,2.8625454872659524,3.327119207696385
