Stat,Selected_OPS_count_1,Selected_OPS_count_2
average,9.05,23.083333333333332
std,3.6167434707666692,4.413206191522088
