Stat,Selected_OPS_count_1,Selected_OPS_count_2
average,12.916666666666666,25.883333333333333
std,8.53871900358726,9.978462918817819
