Stat,Selected_OPS_count_1,Selected_OPS_count_2
average,10.05,19.483333333333334
std,6.288680306709827,5.7806910390444575
