Stat,Selected_OPS_count_1,Selected_OPS_count_2
average,21.416666666666668,38.833333333333336
std,13.94667423517959,10.430990152212567
