Stat,Selected_OPS_count_1,Selected_OPS_count_2
average,10.316666666666666,19.266666666666666
std,5.38359132508733,5.749975845359894
