Stat,Selected_OPS_count_1,Selected_OPS_count_2
average,12.0,19.933333333333334
std,3.0659419433511785,2.6948510575210314
