Stat,Selected_OPS_count_1,Selected_OPS_count_2
average,39.78333333333333,47.2
std,12.400392018892878,3.691431519975234
