Stat,Selected_OPS_count_1,Selected_OPS_count_2
average,14.1,20.466666666666665
std,3.6455452267116364,1.4659088951530679
