Stat,Selected_OPS_count_1,Selected_OPS_count_2
average,37.95,45.483333333333334
std,8.7166985340399,1.6881120289312028
