Stat,total_selected_OPS
average,45.083333333333336
std,8.004772881780527
