Stat,total_selected_OPS
average,20.283333333333335
std,4.736706544518974
