Stat,Selected_OPS_count_1,Selected_OPS_count_2
average,2.7666666666666666,22.35
std,0.9723968097209881,3.004579837514723
