Stat,Selected_OPS_count_1,Selected_OPS_count_2
average,10.266666666666667,17.95
std,2.242518425540555,1.4425093876066573
