Stat,Selected_OPS_count_1,Selected_OPS_count_2
average,12.35,22.7
std,3.021175268004159,2.8653097563788803
