Stat,Selected_OPS_count_1,Selected_OPS_count_2
average,5.933333333333334,10.683333333333334
std,1.8873850222522754,2.3273136636235536
