Stat,Selected_OPS_count_1,Selected_OPS_count_2
average,8.266666666666667,19.416666666666668
std,2.3442601296689656,3.8828325857405814
