Stat,Selected_OPS_count_1,Selected_OPS_count_2
average,13.333333333333334,20.05
std,8.391794934471543,7.58161152614227
