Stat,Selected_OPS_count_1,Selected_OPS_count_2
average,2.816666666666667,13.583333333333334
std,1.0722510070977886,7.0811761421077195
