Stat,Selected_OPS_count_1,Selected_OPS_count_2
average,7.083333333333333,18.35
std,1.828402459951188,2.999027620190696
