Stat,Selected_OPS_count_1,Selected_OPS_count_2
average,22.366666666666667,43.483333333333334
std,13.34911565943186,11.844114806753417
