Stat,Selected_OPS_count_1,Selected_OPS_count_2
average,20.516666666666666,39.583333333333336
std,13.964826847794745,14.43755711869413
