Stat,Selected_OPS_count_1,Selected_OPS_count_2
average,27.45,43.61666666666667
std,15.5407260662643,12.768570354150416
