Stat,Selected_OPS_count_1,Selected_OPS_count_2
average,25.9,35.38333333333333
std,9.547600047481392,7.52350021968203
