Stat,Selected_OPS_count_1,Selected_OPS_count_2
average,7.4,21.466666666666665
std,1.8366636418607882,2.1249836600678966
