Stat,Selected_OPS_count_1,Selected_OPS_count_2
average,4.733333333333333,31.833333333333332
std,1.339983416149452,13.028387808508347
