Stat,Selected_OPS_count_1,Selected_OPS_count_2
average,19.233333333333334,40.4
std,11.011155959096916,9.56591170075632
