Stat,Selected_OPS_count_1,Selected_OPS_count_2
average,3.75,16.583333333333332
std,2.0463381929681126,7.2670298074400534
