Stat,Selected_OPS_count_1,Selected_OPS_count_2
average,14.016666666666667,21.166666666666668
std,6.977324383712968,6.978936563370923
