Stat,Selected_OPS_count_1,Selected_OPS_count_2
average,7.883333333333334,21.516666666666666
std,2.9159999237921035,3.2938916530788047
