Stat,Selected_OPS_count_1,Selected_OPS_count_2
average,21.183333333333334,30.966666666666665
std,9.142376909510762,7.698412534773358
