Stat,Selected_OPS_count_1,Selected_OPS_count_2
average,13.166666666666666,23.633333333333333
std,6.799918300162797,7.040280928738253
