Stat,Selected_OPS_count_1,Selected_OPS_count_2
average,15.416666666666666,24.466666666666665
std,5.589548779244668,4.954683530649449
