Stat,Selected_OPS_count_1,Selected_OPS_count_2
average,42.78333333333333,54.63333333333333
std,13.886554248224751,5.375768678885736
