Stat,Selected_OPS_count_1,Selected_OPS_count_2
average,43.333333333333336,52.25
std,9.672412085697939,0.9937303457175896
