Stat,Selected_OPS_count_1,Selected_OPS_count_2
average,12.933333333333334,36.28333333333333
std,7.073110269809802,16.51876878651137
