Stat,Selected_OPS_count_1,Selected_OPS_count_2
average,28.533333333333335,39.483333333333334
std,11.02492126452107,7.116861824022033
