Stat,Selected_OPS_count_1,Selected_OPS_count_2
average,2.9833333333333334,11.966666666666667
std,1.3353110332636198,9.614167786252859
