Stat,Selected_OPS_count_1,Selected_OPS_count_2
average,5.75,26.083333333333332
std,2.356727957713123,5.514501085521901
