Stat,Selected_OPS_count_1,Selected_OPS_count_2
average,19.816666666666666,35.13333333333333
std,12.142887721716864,12.302393624367939
